source;target
"0";"1"
"0";"10"
"1";"2"
"1";"11"
"2";"3"
"2";"12"
"3";"4"
"3";"13"
"4";"5"
"4";"14"
"5";"6"
"5";"15"
"6";"7"
"6";"16"
"7";"8"
"7";"17"
"8";"9"
"8";"18"
"9";"19"
"10";"11"
"10";"20"
"11";"12"
"11";"21"
"12";"13"
"12";"22"
"13";"14"
"13";"23"
"14";"15"
"14";"24"
"15";"16"
"15";"25"
"16";"17"
"16";"26"
"17";"18"
"17";"27"
"18";"19"
"18";"28"
"19";"29"
"20";"21"
"20";"30"
"21";"22"
"21";"31"
"22";"23"
"22";"32"
"23";"24"
"23";"33"
"24";"25"
"24";"34"
"25";"26"
"25";"35"
"26";"27"
"26";"36"
"27";"28"
"27";"37"
"28";"29"
"28";"38"
"29";"39"
"30";"31"
"30";"40"
"31";"32"
"31";"41"
"32";"33"
"32";"42"
"33";"34"
"33";"43"
"34";"35"
"34";"44"
"35";"36"
"35";"45"
"36";"37"
"36";"46"
"37";"38"
"37";"47"
"38";"39"
"38";"48"
"39";"49"
"40";"41"
"40";"50"
"41";"42"
"41";"51"
"42";"43"
"42";"52"
"43";"44"
"43";"53"
"44";"45"
"44";"54"
"45";"46"
"45";"55"
"46";"47"
"46";"56"
"47";"48"
"47";"57"
"48";"49"
"48";"58"
"49";"59"
"50";"51"
"50";"60"
"51";"52"
"51";"61"
"52";"53"
"52";"62"
"53";"54"
"53";"63"
"54";"55"
"54";"64"
"55";"56"
"55";"65"
"56";"57"
"56";"66"
"57";"58"
"57";"67"
"58";"59"
"58";"68"
"59";"69"
"60";"61"
"60";"70"
"61";"62"
"61";"71"
"62";"63"
"62";"72"
"63";"64"
"63";"73"
"64";"65"
"64";"74"
"65";"66"
"65";"75"
"66";"67"
"66";"76"
"67";"68"
"67";"77"
"68";"69"
"68";"78"
"69";"79"
"70";"71"
"70";"80"
"71";"72"
"71";"81"
"72";"73"
"72";"82"
"73";"74"
"73";"83"
"74";"75"
"74";"84"
"75";"76"
"75";"85"
"76";"77"
"76";"86"
"77";"78"
"77";"87"
"78";"79"
"78";"88"
"79";"89"
"80";"81"
"80";"90"
"81";"82"
"81";"91"
"82";"83"
"82";"92"
"83";"84"
"83";"93"
"84";"85"
"84";"94"
"85";"86"
"85";"95"
"86";"87"
"86";"96"
"87";"88"
"87";"97"
"88";"89"
"88";"98"
"89";"99"
"90";"91"
"90";"100"
"91";"92"
"91";"101"
"92";"93"
"92";"102"
"93";"94"
"93";"103"
"94";"95"
"94";"104"
"95";"96"
"95";"105"
"96";"97"
"96";"106"
"97";"98"
"97";"107"
"98";"99"
"98";"108"
"99";"109"
"100";"101"
"100";"110"
"101";"102"
"101";"111"
"102";"103"
"102";"112"
"103";"104"
"103";"113"
"104";"105"
"104";"114"
"105";"106"
"105";"115"
"106";"107"
"106";"116"
"107";"108"
"107";"117"
"108";"109"
"108";"118"
"109";"119"
"110";"111"
"110";"120"
"111";"112"
"111";"121"
"112";"113"
"112";"122"
"113";"114"
"113";"123"
"114";"115"
"114";"124"
"115";"116"
"115";"125"
"116";"117"
"116";"126"
"117";"118"
"117";"127"
"118";"119"
"118";"128"
"119";"129"
"120";"121"
"120";"130"
"121";"122"
"121";"131"
"122";"123"
"122";"132"
"123";"124"
"123";"133"
"124";"125"
"124";"134"
"125";"126"
"125";"135"
"126";"127"
"126";"136"
"127";"128"
"127";"137"
"128";"129"
"128";"138"
"129";"139"
"130";"131"
"130";"140"
"131";"132"
"131";"141"
"132";"133"
"132";"142"
"133";"134"
"133";"143"
"134";"135"
"134";"144"
"135";"136"
"135";"145"
"136";"137"
"136";"146"
"137";"138"
"137";"147"
"138";"139"
"138";"148"
"139";"149"
"140";"141"
"140";"150"
"141";"142"
"141";"151"
"142";"143"
"142";"152"
"143";"144"
"143";"153"
"144";"145"
"144";"154"
"145";"146"
"145";"155"
"146";"147"
"146";"156"
"147";"148"
"147";"157"
"148";"149"
"148";"158"
"149";"159"
"150";"151"
"150";"160"
"151";"152"
"151";"161"
"152";"153"
"152";"162"
"153";"154"
"153";"163"
"154";"155"
"154";"164"
"155";"156"
"155";"165"
"156";"157"
"156";"166"
"157";"158"
"157";"167"
"158";"159"
"158";"168"
"159";"169"
"160";"161"
"160";"170"
"161";"162"
"161";"171"
"162";"163"
"162";"172"
"163";"164"
"163";"173"
"164";"165"
"164";"174"
"165";"166"
"165";"175"
"166";"167"
"166";"176"
"167";"168"
"167";"177"
"168";"169"
"168";"178"
"169";"179"
"170";"171"
"170";"180"
"171";"172"
"171";"181"
"172";"173"
"172";"182"
"173";"174"
"173";"183"
"174";"175"
"174";"184"
"175";"176"
"175";"185"
"176";"177"
"176";"186"
"177";"178"
"177";"187"
"178";"179"
"178";"188"
"179";"189"
"180";"181"
"180";"190"
"181";"182"
"181";"191"
"182";"183"
"182";"192"
"183";"184"
"183";"193"
"184";"185"
"184";"194"
"185";"186"
"185";"195"
"186";"187"
"186";"196"
"187";"188"
"187";"197"
"188";"189"
"188";"198"
"189";"199"
"190";"191"
"190";"200"
"191";"192"
"191";"201"
"192";"193"
"192";"202"
"193";"194"
"193";"203"
"194";"195"
"194";"204"
"195";"196"
"195";"205"
"196";"197"
"196";"206"
"197";"198"
"197";"207"
"198";"199"
"198";"208"
"199";"209"
"200";"201"
"200";"210"
"201";"202"
"201";"211"
"202";"203"
"202";"212"
"203";"204"
"203";"213"
"204";"205"
"204";"214"
"205";"206"
"205";"215"
"206";"207"
"206";"216"
"207";"208"
"207";"217"
"208";"209"
"208";"218"
"209";"219"
"210";"211"
"210";"220"
"211";"212"
"211";"221"
"212";"213"
"212";"222"
"213";"214"
"213";"223"
"214";"215"
"214";"224"
"215";"216"
"215";"225"
"216";"217"
"216";"226"
"217";"218"
"217";"227"
"218";"219"
"218";"228"
"219";"229"
"220";"221"
"220";"230"
"221";"222"
"221";"231"
"222";"223"
"222";"232"
"223";"224"
"223";"233"
"224";"225"
"224";"234"
"225";"226"
"225";"235"
"226";"227"
"226";"236"
"227";"228"
"227";"237"
"228";"229"
"228";"238"
"229";"239"
"230";"231"
"230";"240"
"231";"232"
"231";"241"
"232";"233"
"232";"242"
"233";"234"
"233";"243"
"234";"235"
"234";"244"
"235";"236"
"235";"245"
"236";"237"
"236";"246"
"237";"238"
"237";"247"
"238";"239"
"238";"248"
"239";"249"
"240";"241"
"240";"250"
"241";"242"
"241";"251"
"242";"243"
"242";"252"
"243";"244"
"243";"253"
"244";"245"
"244";"254"
"245";"246"
"245";"255"
"246";"247"
"246";"256"
"247";"248"
"247";"257"
"248";"249"
"248";"258"
"249";"259"
"250";"251"
"250";"260"
"251";"252"
"251";"261"
"252";"253"
"252";"262"
"253";"254"
"253";"263"
"254";"255"
"254";"264"
"255";"256"
"255";"265"
"256";"257"
"256";"266"
"257";"258"
"257";"267"
"258";"259"
"258";"268"
"259";"269"
"260";"261"
"260";"270"
"261";"262"
"261";"271"
"262";"263"
"262";"272"
"263";"264"
"263";"273"
"264";"265"
"264";"274"
"265";"266"
"265";"275"
"266";"267"
"266";"276"
"267";"268"
"267";"277"
"268";"269"
"268";"278"
"269";"279"
"270";"271"
"270";"280"
"271";"272"
"271";"281"
"272";"273"
"272";"282"
"273";"274"
"273";"283"
"274";"275"
"274";"284"
"275";"276"
"275";"285"
"276";"277"
"276";"286"
"277";"278"
"277";"287"
"278";"279"
"278";"288"
"279";"289"
"280";"281"
"280";"290"
"281";"282"
"281";"291"
"282";"283"
"282";"292"
"283";"284"
"283";"293"
"284";"285"
"284";"294"
"285";"286"
"285";"295"
"286";"287"
"286";"296"
"287";"288"
"287";"297"
"288";"289"
"288";"298"
"289";"299"
"290";"291"
"290";"300"
"291";"292"
"291";"301"
"292";"293"
"292";"302"
"293";"294"
"293";"303"
"294";"295"
"294";"304"
"295";"296"
"295";"305"
"296";"297"
"296";"306"
"297";"298"
"297";"307"
"298";"299"
"298";"308"
"299";"309"
"300";"301"
"300";"310"
"301";"302"
"301";"311"
"302";"303"
"302";"312"
"303";"304"
"303";"313"
"304";"305"
"304";"314"
"305";"306"
"305";"315"
"306";"307"
"306";"316"
"307";"308"
"307";"317"
"308";"309"
"308";"318"
"309";"319"
"310";"311"
"310";"320"
"311";"312"
"311";"321"
"312";"313"
"312";"322"
"313";"314"
"313";"323"
"314";"315"
"314";"324"
"315";"316"
"315";"325"
"316";"317"
"316";"326"
"317";"318"
"317";"327"
"318";"319"
"318";"328"
"319";"329"
"320";"321"
"320";"330"
"321";"322"
"321";"331"
"322";"323"
"322";"332"
"323";"324"
"323";"333"
"324";"325"
"324";"334"
"325";"326"
"325";"335"
"326";"327"
"326";"336"
"327";"328"
"327";"337"
"328";"329"
"328";"338"
"329";"339"
"330";"331"
"330";"340"
"331";"332"
"331";"341"
"332";"333"
"332";"342"
"333";"334"
"333";"343"
"334";"335"
"334";"344"
"335";"336"
"335";"345"
"336";"337"
"336";"346"
"337";"338"
"337";"347"
"338";"339"
"338";"348"
"339";"349"
"340";"341"
"340";"350"
"341";"342"
"341";"351"
"342";"343"
"342";"352"
"343";"344"
"343";"353"
"344";"345"
"344";"354"
"345";"346"
"345";"355"
"346";"347"
"346";"356"
"347";"348"
"347";"357"
"348";"349"
"348";"358"
"349";"359"
"350";"351"
"350";"360"
"351";"352"
"351";"361"
"352";"353"
"352";"362"
"353";"354"
"353";"363"
"354";"355"
"354";"364"
"355";"356"
"355";"365"
"356";"357"
"356";"366"
"357";"358"
"357";"367"
"358";"359"
"358";"368"
"359";"369"
"360";"361"
"360";"370"
"361";"362"
"361";"371"
"362";"363"
"362";"372"
"363";"364"
"363";"373"
"364";"365"
"364";"374"
"365";"366"
"365";"375"
"366";"367"
"366";"376"
"367";"368"
"367";"377"
"368";"369"
"368";"378"
"369";"379"
"370";"371"
"370";"380"
"371";"372"
"371";"381"
"372";"373"
"372";"382"
"373";"374"
"373";"383"
"374";"375"
"374";"384"
"375";"376"
"375";"385"
"376";"377"
"376";"386"
"377";"378"
"377";"387"
"378";"379"
"378";"388"
"379";"389"
"380";"381"
"380";"390"
"381";"382"
"381";"391"
"382";"383"
"382";"392"
"383";"384"
"383";"393"
"384";"385"
"384";"394"
"385";"386"
"385";"395"
"386";"387"
"386";"396"
"387";"388"
"387";"397"
"388";"389"
"388";"398"
"389";"399"
"390";"391"
"390";"400"
"391";"392"
"391";"401"
"392";"393"
"392";"402"
"393";"394"
"393";"403"
"394";"395"
"394";"404"
"395";"396"
"395";"405"
"396";"397"
"396";"406"
"397";"398"
"397";"407"
"398";"399"
"398";"408"
"399";"409"
"400";"401"
"400";"410"
"401";"402"
"401";"411"
"402";"403"
"402";"412"
"403";"404"
"403";"413"
"404";"405"
"404";"414"
"405";"406"
"405";"415"
"406";"407"
"406";"416"
"407";"408"
"407";"417"
"408";"409"
"408";"418"
"409";"419"
"410";"411"
"410";"420"
"411";"412"
"411";"421"
"412";"413"
"412";"422"
"413";"414"
"413";"423"
"414";"415"
"414";"424"
"415";"416"
"415";"425"
"416";"417"
"416";"426"
"417";"418"
"417";"427"
"418";"419"
"418";"428"
"419";"429"
"420";"421"
"420";"430"
"421";"422"
"421";"431"
"422";"423"
"422";"432"
"423";"424"
"423";"433"
"424";"425"
"424";"434"
"425";"426"
"425";"435"
"426";"427"
"426";"436"
"427";"428"
"427";"437"
"428";"429"
"428";"438"
"429";"439"
"430";"431"
"430";"440"
"431";"432"
"431";"441"
"432";"433"
"432";"442"
"433";"434"
"433";"443"
"434";"435"
"434";"444"
"435";"436"
"435";"445"
"436";"437"
"436";"446"
"437";"438"
"437";"447"
"438";"439"
"438";"448"
"439";"449"
"440";"441"
"440";"450"
"441";"442"
"441";"451"
"442";"443"
"442";"452"
"443";"444"
"443";"453"
"444";"445"
"444";"454"
"445";"446"
"445";"455"
"446";"447"
"446";"456"
"447";"448"
"447";"457"
"448";"449"
"448";"458"
"449";"459"
"450";"451"
"450";"460"
"451";"452"
"451";"461"
"452";"453"
"452";"462"
"453";"454"
"453";"463"
"454";"455"
"454";"464"
"455";"456"
"455";"465"
"456";"457"
"456";"466"
"457";"458"
"457";"467"
"458";"459"
"458";"468"
"459";"469"
"460";"461"
"460";"470"
"461";"462"
"461";"471"
"462";"463"
"462";"472"
"463";"464"
"463";"473"
"464";"465"
"464";"474"
"465";"466"
"465";"475"
"466";"467"
"466";"476"
"467";"468"
"467";"477"
"468";"469"
"468";"478"
"469";"479"
"470";"471"
"470";"480"
"471";"472"
"471";"481"
"472";"473"
"472";"482"
"473";"474"
"473";"483"
"474";"475"
"474";"484"
"475";"476"
"475";"485"
"476";"477"
"476";"486"
"477";"478"
"477";"487"
"478";"479"
"478";"488"
"479";"489"
"480";"481"
"480";"490"
"481";"482"
"481";"491"
"482";"483"
"482";"492"
"483";"484"
"483";"493"
"484";"485"
"484";"494"
"485";"486"
"485";"495"
"486";"487"
"486";"496"
"487";"488"
"487";"497"
"488";"489"
"488";"498"
"489";"499"
"490";"491"
"490";"500"
"491";"492"
"491";"501"
"492";"493"
"492";"502"
"493";"494"
"493";"503"
"494";"495"
"494";"504"
"495";"496"
"495";"505"
"496";"497"
"496";"506"
"497";"498"
"497";"507"
"498";"499"
"498";"508"
"499";"509"
"500";"501"
"500";"510"
"501";"502"
"501";"511"
"502";"503"
"502";"512"
"503";"504"
"503";"513"
"504";"505"
"504";"514"
"505";"506"
"505";"515"
"506";"507"
"506";"516"
"507";"508"
"507";"517"
"508";"509"
"508";"518"
"509";"519"
"510";"511"
"510";"520"
"511";"512"
"511";"521"
"512";"513"
"512";"522"
"513";"514"
"513";"523"
"514";"515"
"514";"524"
"515";"516"
"515";"525"
"516";"517"
"516";"526"
"517";"518"
"517";"527"
"518";"519"
"518";"528"
"519";"529"
"520";"521"
"520";"530"
"521";"522"
"521";"531"
"522";"523"
"522";"532"
"523";"524"
"523";"533"
"524";"525"
"524";"534"
"525";"526"
"525";"535"
"526";"527"
"526";"536"
"527";"528"
"527";"537"
"528";"529"
"528";"538"
"529";"539"
"530";"531"
"530";"540"
"531";"532"
"531";"541"
"532";"533"
"532";"542"
"533";"534"
"533";"543"
"534";"535"
"534";"544"
"535";"536"
"535";"545"
"536";"537"
"536";"546"
"537";"538"
"537";"547"
"538";"539"
"538";"548"
"539";"549"
"540";"541"
"540";"550"
"541";"542"
"541";"551"
"542";"543"
"542";"552"
"543";"544"
"543";"553"
"544";"545"
"544";"554"
"545";"546"
"545";"555"
"546";"547"
"546";"556"
"547";"548"
"547";"557"
"548";"549"
"548";"558"
"549";"559"
"550";"551"
"550";"560"
"551";"552"
"551";"561"
"552";"553"
"552";"562"
"553";"554"
"553";"563"
"554";"555"
"554";"564"
"555";"556"
"555";"565"
"556";"557"
"556";"566"
"557";"558"
"557";"567"
"558";"559"
"558";"568"
"559";"569"
"560";"561"
"560";"570"
"561";"562"
"561";"571"
"562";"563"
"562";"572"
"563";"564"
"563";"573"
"564";"565"
"564";"574"
"565";"566"
"565";"575"
"566";"567"
"566";"576"
"567";"568"
"567";"577"
"568";"569"
"568";"578"
"569";"579"
"570";"571"
"570";"580"
"571";"572"
"571";"581"
"572";"573"
"572";"582"
"573";"574"
"573";"583"
"574";"575"
"574";"584"
"575";"576"
"575";"585"
"576";"577"
"576";"586"
"577";"578"
"577";"587"
"578";"579"
"578";"588"
"579";"589"
"580";"581"
"580";"590"
"581";"582"
"581";"591"
"582";"583"
"582";"592"
"583";"584"
"583";"593"
"584";"585"
"584";"594"
"585";"586"
"585";"595"
"586";"587"
"586";"596"
"587";"588"
"587";"597"
"588";"589"
"588";"598"
"589";"599"
"590";"591"
"590";"600"
"591";"592"
"591";"601"
"592";"593"
"592";"602"
"593";"594"
"593";"603"
"594";"595"
"594";"604"
"595";"596"
"595";"605"
"596";"597"
"596";"606"
"597";"598"
"597";"607"
"598";"599"
"598";"608"
"599";"609"
"600";"601"
"600";"610"
"601";"602"
"601";"611"
"602";"603"
"602";"612"
"603";"604"
"603";"613"
"604";"605"
"604";"614"
"605";"606"
"605";"615"
"606";"607"
"606";"616"
"607";"608"
"607";"617"
"608";"609"
"608";"618"
"609";"619"
"610";"611"
"610";"620"
"611";"612"
"611";"621"
"612";"613"
"612";"622"
"613";"614"
"613";"623"
"614";"615"
"614";"624"
"615";"616"
"615";"625"
"616";"617"
"616";"626"
"617";"618"
"617";"627"
"618";"619"
"618";"628"
"619";"629"
"620";"621"
"620";"630"
"621";"622"
"621";"631"
"622";"623"
"622";"632"
"623";"624"
"623";"633"
"624";"625"
"624";"634"
"625";"626"
"625";"635"
"626";"627"
"626";"636"
"627";"628"
"627";"637"
"628";"629"
"628";"638"
"629";"639"
"630";"631"
"630";"640"
"631";"632"
"631";"641"
"632";"633"
"632";"642"
"633";"634"
"633";"643"
"634";"635"
"634";"644"
"635";"636"
"635";"645"
"636";"637"
"636";"646"
"637";"638"
"637";"647"
"638";"639"
"638";"648"
"639";"649"
"640";"641"
"640";"650"
"641";"642"
"641";"651"
"642";"643"
"642";"652"
"643";"644"
"643";"653"
"644";"645"
"644";"654"
"645";"646"
"645";"655"
"646";"647"
"646";"656"
"647";"648"
"647";"657"
"648";"649"
"648";"658"
"649";"659"
"650";"651"
"650";"660"
"651";"652"
"651";"661"
"652";"653"
"652";"662"
"653";"654"
"653";"663"
"654";"655"
"654";"664"
"655";"656"
"655";"665"
"656";"657"
"656";"666"
"657";"658"
"657";"667"
"658";"659"
"658";"668"
"659";"669"
"660";"661"
"660";"670"
"661";"662"
"661";"671"
"662";"663"
"662";"672"
"663";"664"
"663";"673"
"664";"665"
"664";"674"
"665";"666"
"665";"675"
"666";"667"
"666";"676"
"667";"668"
"667";"677"
"668";"669"
"668";"678"
"669";"679"
"670";"671"
"670";"680"
"671";"672"
"671";"681"
"672";"673"
"672";"682"
"673";"674"
"673";"683"
"674";"675"
"674";"684"
"675";"676"
"675";"685"
"676";"677"
"676";"686"
"677";"678"
"677";"687"
"678";"679"
"678";"688"
"679";"689"
"680";"681"
"680";"690"
"681";"682"
"681";"691"
"682";"683"
"682";"692"
"683";"684"
"683";"693"
"684";"685"
"684";"694"
"685";"686"
"685";"695"
"686";"687"
"686";"696"
"687";"688"
"687";"697"
"688";"689"
"688";"698"
"689";"699"
"690";"691"
"690";"700"
"691";"692"
"691";"701"
"692";"693"
"692";"702"
"693";"694"
"693";"703"
"694";"695"
"694";"704"
"695";"696"
"695";"705"
"696";"697"
"696";"706"
"697";"698"
"697";"707"
"698";"699"
"698";"708"
"699";"709"
"700";"701"
"700";"710"
"701";"702"
"701";"711"
"702";"703"
"702";"712"
"703";"704"
"703";"713"
"704";"705"
"704";"714"
"705";"706"
"705";"715"
"706";"707"
"706";"716"
"707";"708"
"707";"717"
"708";"709"
"708";"718"
"709";"719"
"710";"711"
"710";"720"
"711";"712"
"711";"721"
"712";"713"
"712";"722"
"713";"714"
"713";"723"
"714";"715"
"714";"724"
"715";"716"
"715";"725"
"716";"717"
"716";"726"
"717";"718"
"717";"727"
"718";"719"
"718";"728"
"719";"729"
"720";"721"
"720";"730"
"721";"722"
"721";"731"
"722";"723"
"722";"732"
"723";"724"
"723";"733"
"724";"725"
"724";"734"
"725";"726"
"725";"735"
"726";"727"
"726";"736"
"727";"728"
"727";"737"
"728";"729"
"728";"738"
"729";"739"
"730";"731"
"730";"740"
"731";"732"
"731";"741"
"732";"733"
"732";"742"
"733";"734"
"733";"743"
"734";"735"
"734";"744"
"735";"736"
"735";"745"
"736";"737"
"736";"746"
"737";"738"
"737";"747"
"738";"739"
"738";"748"
"739";"749"
"740";"741"
"740";"750"
"741";"742"
"741";"751"
"742";"743"
"742";"752"
"743";"744"
"743";"753"
"744";"745"
"744";"754"
"745";"746"
"745";"755"
"746";"747"
"746";"756"
"747";"748"
"747";"757"
"748";"749"
"748";"758"
"749";"759"
"750";"751"
"750";"760"
"751";"752"
"751";"761"
"752";"753"
"752";"762"
"753";"754"
"753";"763"
"754";"755"
"754";"764"
"755";"756"
"755";"765"
"756";"757"
"756";"766"
"757";"758"
"757";"767"
"758";"759"
"758";"768"
"759";"769"
"760";"761"
"760";"770"
"761";"762"
"761";"771"
"762";"763"
"762";"772"
"763";"764"
"763";"773"
"764";"765"
"764";"774"
"765";"766"
"765";"775"
"766";"767"
"766";"776"
"767";"768"
"767";"777"
"768";"769"
"768";"778"
"769";"779"
"770";"771"
"770";"780"
"771";"772"
"771";"781"
"772";"773"
"772";"782"
"773";"774"
"773";"783"
"774";"775"
"774";"784"
"775";"776"
"775";"785"
"776";"777"
"776";"786"
"777";"778"
"777";"787"
"778";"779"
"778";"788"
"779";"789"
"780";"781"
"780";"790"
"781";"782"
"781";"791"
"782";"783"
"782";"792"
"783";"784"
"783";"793"
"784";"785"
"784";"794"
"785";"786"
"785";"795"
"786";"787"
"786";"796"
"787";"788"
"787";"797"
"788";"789"
"788";"798"
"789";"799"
"790";"791"
"790";"800"
"791";"792"
"791";"801"
"792";"793"
"792";"802"
"793";"794"
"793";"803"
"794";"795"
"794";"804"
"795";"796"
"795";"805"
"796";"797"
"796";"806"
"797";"798"
"797";"807"
"798";"799"
"798";"808"
"799";"809"
"800";"801"
"800";"810"
"801";"802"
"801";"811"
"802";"803"
"802";"812"
"803";"804"
"803";"813"
"804";"805"
"804";"814"
"805";"806"
"805";"815"
"806";"807"
"806";"816"
"807";"808"
"807";"817"
"808";"809"
"808";"818"
"809";"819"
"810";"811"
"810";"820"
"811";"812"
"811";"821"
"812";"813"
"812";"822"
"813";"814"
"813";"823"
"814";"815"
"814";"824"
"815";"816"
"815";"825"
"816";"817"
"816";"826"
"817";"818"
"817";"827"
"818";"819"
"818";"828"
"819";"829"
"820";"821"
"820";"830"
"821";"822"
"821";"831"
"822";"823"
"822";"832"
"823";"824"
"823";"833"
"824";"825"
"824";"834"
"825";"826"
"825";"835"
"826";"827"
"826";"836"
"827";"828"
"827";"837"
"828";"829"
"828";"838"
"829";"839"
"830";"831"
"830";"840"
"831";"832"
"831";"841"
"832";"833"
"832";"842"
"833";"834"
"833";"843"
"834";"835"
"834";"844"
"835";"836"
"835";"845"
"836";"837"
"836";"846"
"837";"838"
"837";"847"
"838";"839"
"838";"848"
"839";"849"
"840";"841"
"840";"850"
"841";"842"
"841";"851"
"842";"843"
"842";"852"
"843";"844"
"843";"853"
"844";"845"
"844";"854"
"845";"846"
"845";"855"
"846";"847"
"846";"856"
"847";"848"
"847";"857"
"848";"849"
"848";"858"
"849";"859"
"850";"851"
"850";"860"
"851";"852"
"851";"861"
"852";"853"
"852";"862"
"853";"854"
"853";"863"
"854";"855"
"854";"864"
"855";"856"
"855";"865"
"856";"857"
"856";"866"
"857";"858"
"857";"867"
"858";"859"
"858";"868"
"859";"869"
"860";"861"
"860";"870"
"861";"862"
"861";"871"
"862";"863"
"862";"872"
"863";"864"
"863";"873"
"864";"865"
"864";"874"
"865";"866"
"865";"875"
"866";"867"
"866";"876"
"867";"868"
"867";"877"
"868";"869"
"868";"878"
"869";"879"
"870";"871"
"870";"880"
"871";"872"
"871";"881"
"872";"873"
"872";"882"
"873";"874"
"873";"883"
"874";"875"
"874";"884"
"875";"876"
"875";"885"
"876";"877"
"876";"886"
"877";"878"
"877";"887"
"878";"879"
"878";"888"
"879";"889"
"880";"881"
"880";"890"
"881";"882"
"881";"891"
"882";"883"
"882";"892"
"883";"884"
"883";"893"
"884";"885"
"884";"894"
"885";"886"
"885";"895"
"886";"887"
"886";"896"
"887";"888"
"887";"897"
"888";"889"
"888";"898"
"889";"899"
"890";"891"
"890";"900"
"891";"892"
"891";"901"
"892";"893"
"892";"902"
"893";"894"
"893";"903"
"894";"895"
"894";"904"
"895";"896"
"895";"905"
"896";"897"
"896";"906"
"897";"898"
"897";"907"
"898";"899"
"898";"908"
"899";"909"
"900";"901"
"900";"910"
"901";"902"
"901";"911"
"902";"903"
"902";"912"
"903";"904"
"903";"913"
"904";"905"
"904";"914"
"905";"906"
"905";"915"
"906";"907"
"906";"916"
"907";"908"
"907";"917"
"908";"909"
"908";"918"
"909";"919"
"910";"911"
"910";"920"
"911";"912"
"911";"921"
"912";"913"
"912";"922"
"913";"914"
"913";"923"
"914";"915"
"914";"924"
"915";"916"
"915";"925"
"916";"917"
"916";"926"
"917";"918"
"917";"927"
"918";"919"
"918";"928"
"919";"929"
"920";"921"
"920";"930"
"921";"922"
"921";"931"
"922";"923"
"922";"932"
"923";"924"
"923";"933"
"924";"925"
"924";"934"
"925";"926"
"925";"935"
"926";"927"
"926";"936"
"927";"928"
"927";"937"
"928";"929"
"928";"938"
"929";"939"
"930";"931"
"930";"940"
"931";"932"
"931";"941"
"932";"933"
"932";"942"
"933";"934"
"933";"943"
"934";"935"
"934";"944"
"935";"936"
"935";"945"
"936";"937"
"936";"946"
"937";"938"
"937";"947"
"938";"939"
"938";"948"
"939";"949"
"940";"941"
"940";"950"
"941";"942"
"941";"951"
"942";"943"
"942";"952"
"943";"944"
"943";"953"
"944";"945"
"944";"954"
"945";"946"
"945";"955"
"946";"947"
"946";"956"
"947";"948"
"947";"957"
"948";"949"
"948";"958"
"949";"959"
"950";"951"
"950";"960"
"951";"952"
"951";"961"
"952";"953"
"952";"962"
"953";"954"
"953";"963"
"954";"955"
"954";"964"
"955";"956"
"955";"965"
"956";"957"
"956";"966"
"957";"958"
"957";"967"
"958";"959"
"958";"968"
"959";"969"
"960";"961"
"960";"970"
"961";"962"
"961";"971"
"962";"963"
"962";"972"
"963";"964"
"963";"973"
"964";"965"
"964";"974"
"965";"966"
"965";"975"
"966";"967"
"966";"976"
"967";"968"
"967";"977"
"968";"969"
"968";"978"
"969";"979"
"970";"971"
"970";"980"
"971";"972"
"971";"981"
"972";"973"
"972";"982"
"973";"974"
"973";"983"
"974";"975"
"974";"984"
"975";"976"
"975";"985"
"976";"977"
"976";"986"
"977";"978"
"977";"987"
"978";"979"
"978";"988"
"979";"989"
"980";"981"
"980";"990"
"981";"982"
"981";"991"
"982";"983"
"982";"992"
"983";"984"
"983";"993"
"984";"985"
"984";"994"
"985";"986"
"985";"995"
"986";"987"
"986";"996"
"987";"988"
"987";"997"
"988";"989"
"988";"998"
"989";"999"
"990";"991"
"991";"992"
"992";"993"
"993";"994"
"994";"995"
"995";"996"
"996";"997"
"997";"998"
"998";"999"